"","median","mad"
"1","-0.0300688701511293","0.98097383166801"
"2","-0.157613121994941","1.04792419049337"
"3","-0.242576325883125","1.03135638321553"
"4","-0.170638804223796","1.03467204336644"
